,0
Afghanistan,-115
Albania,-110
Algeria,-110
Andorra,-110
Angola,-110
Antigua and Barbuda,-110
Argentina,-110
Armenia,-110
Australia,-110
Austria,-110
Azerbaijan,-115
Bahamas,67
Bahrain,34
Bangladesh,28
Barbados,67
Belarus,67
Belgium,57
Belize,10
Benin,34
Bhutan,34
Bolivia,39
Bosnia and Herzegovina,39
Botswana,39
Brazil,34
Brunei,17
Bulgaria,39
Burkina Faso,8
Burundi,17
Cambodia,36
Cameroon,31
Canada,36
Cape Verde,7
Central African Republic,43
Chad,25
Chile,7
China,36
Colombia,36
Comoros,64
Costa Rica,36
Croatia,36
Cuba,36
Cyprus,64
Czech Republic,43
Democratic Republic of the Congo,-14
Denmark,18
Djibouti,-5
Dominica,17
Dominican Republic,24
Ecuador,-23
Egypt,-5
El Salvador,-23
Equatorial Guinea,1
Eritrea,1
Estonia,1
Eswatini,-21
Ethiopia,1
Fiji,17
Finland,28
France,10
Gabon,-34
Gambia,-29
Georgia,-29
Germany,-52
Ghana,-29
Greece,-58
Grenada,-29
Guatemala,-29
Guinea,-29
Guinea-Bissau,-59
Guyana,-29
Haiti,3
Honduras,53
Hungary,2
Iceland,-26
India,-15
Indonesia,-15
Iran,-20
Iraq,-43
Ireland,-26
Israel,-20
Italy,-38
Ivory Coast,-21
Jamaica,37
Japan,32
Jordan,32
Kazakhstan,25
Kenya,30
Kiribati,8
Kuwait,24
Kyrgyzstan,25
Laos,53
Latvia,25
Lebanon,20
Lesotho,-6
Liberia,25
Libya,25
Liechtenstein,20
Lithuania,25
Luxembourg,17
Madagascar,2
Malawi,4
Malaysia,26
Maldives,54
Mali,4
Malta,26
Marshall Islands,54
Mauritania,26
Mauritius,54
Mexico,-5
Micronesia,26
Moldova,26
Monaco,-5
Mongolia,26
Montenegro,-5
Morocco,-5
Mozambique,-3
Myanmar,2
Namibia,-54
Nauru,-84
Nepal,-59
Netherlands,-26
New Zealand,-65
Nicaragua,-54
Niger,-78
Nigeria,-54
North Korea,-54
North Macedonia,-54
Norway,-77
Oman,-10
Pakistan,33
Palau,8
Palestine,9
Panama,38
Papua New Guinea,38
Paraguay,15
Peru,8
Philippines,66
Poland,27
Portugal,33
Qatar,14
Republic of the Congo,-20
Romania,11
Russia,11
Rwanda,11
Saint Kitts and Nevis,33
Saint Lucia,5
Saint Vincent and the Grenadines,33
Samoa,5
San Marino,-26
Saudi Arabia,5
Senegal,0
Serbia,5
Seychelles,33
Sierra Leone,-24
Singapore,-24
Slovakia,5
Slovenia,5
Solomon Islands,33
Somalia,5
South Africa,5
South Korea,5
South Sudan,0
Spain,0
Sri Lanka,5
Sudan,0
Suriname,-24
Sweden,0
Switzerland,-6
Syria,5
São Tomé and Príncipe,-24
Tajikistan,17
Tanzania,22
Thailand,11
Timor-Leste,-7
Togo,-9
Tonga,22
Trinidad and Tobago,-9
Tunisia,22
Turkey,-1
Turkmenistan,17
Tuvalu,-8
Uganda,-9
Ukraine,-38
United Arab Emirates,19
United Kingdom,9
United States,19
Uruguay,-32
Uzbekistan,-14
Vanuatu,7
Vatican City,14
Venezuela,37
Vietnam,55
Yemen,12
Zambia,35
Zimbabwe,6
Shanghai,-17
Beijing,31
Shenzhen,0
Guangzhou,-59
Kinshasa,30
Istanbul,-20
Lagos,53
Ho Chi Minh City,2
Chengdu,6
Lahore,-4
Mumbai,4
São Paulo,-26
Mexico City,3
Karachi,8
Tianjin,17
Delhi,-5
Wuhan,31
Moscow,-5
Dhaka,17
Seoul,0
Tokyo,-9
Dongguan,12
Cairo,5
Xi’an,32
Johannesburg,29
Nanjing,-62
Hangzhou,-5
Foshan,34
London,20
New York City,-77
Jakarta,37
Bengaluru,9
Hanoi,3
Taipei,0
Lima,25
Bogotá,0
Chongqing,28
Hong Kong,17
Baghdad,28
Qingdao,7
Tehran,17
Shenyang,-3
Hyderabad,14
Rio de Janeiro,-20
Suzhou,-25
Ahmedabad,-121
Abidjan,-115
Sydney,-18
Dar es Salaam,35
Saint Petersburg,-3
Melbourne,-3
Alexandria,-110
Harbin,20
Bangkok,40
Hefei,3
Dalian,12
Kano,-1
Santiago,-26
Cape Town,31
Peshawar,14
Changchun,31
Jeddah,26
Chennai,14
Kolkata,30
Xiamen,32
Surat,-1
Yangon,12
Bao'an,34
Kabul,25
Nairobi,-76
Wuxi,14
Giza,-29
Jinan,32
Taiyuan,17
Zhengzhou,5
Bamako,8
Riyadh,0
New Taipei City,-77
New Territories,-26
Shijiazhuang,-3
Chattogram,54
Addis Ababa,-110
Kunming,22
Zhongshan,30
Nanning,-62
Shantou,-25
Los Angeles,53
Faisalabad,28
Dubai,-5
Yokohama,17
Fuzhou,9
Ningbo,-85
Casablanca,36
Ibadan,-20
Puyang,30
Ankara,-110
Shiyan,0
Berlin,34
Tangshan,17
Rawalpindi,-11
Lüliang,17
Busan,34
Durban,12
Changzhou,6
Madrid,15
Pyongyang,30
Zibo,4
Pune,9
Bursa,39
Changsha,36
Quezon City,15
Jaipur,13
Incheon,-20
Guiyang,-37
Ürümqi,17
Lanzhou,-5
Caracas,64
İzmir,-39
Huizhou,-5
Buenos Aires,67
Surabaya,5
Haikou,-5
Taichung,14
Kanpur,6
Kyiv,2
Toronto,-9
Quito,7
Brisbane,10
Luanda,25
Osaka,-5
Linyi,3
Baoding,31
Kaohsiung,22
Brooklyn,34
Guayaquil,-34
Belo Horizonte,10
Salvador,-19
Abuja,-110
Gazipur,-53
Chicago,5
Wenzhou,6
Dakar,-7
Haiphong,17
Yunfu,-13
Navi Mumbai,-76
Mogadishu,-4
Bekasi,17
Kumasi,8
Gujranwala,-29
Huai'an,20
Lucknow,-6
Bandung,31
Medan,21
Ouagadougou,-35
Nagpur,-78
Fortaleza,39
Cali,14
Daegu,-13
Algiers,-82
Nanchang,-62
Hohhot,19
Nagoya,-54
Rome,-18
Queens,66
Houston,20
Perth,27
Mashhad,15
Shaoxing,-3
Nantong,-62
Kowloon,25
Yantai,-5
Lubumbashi,3
Manaus,54
Lusaka,25
Brasília,39
Zhuhai,13
Santo Domingo,-26
Lomé,-14
Multan,21
Havana,25
Baotou,9
Depok,18
Paris,66
Coimbatore,7
Gaziantep,-36
Qingyang,30
Port Harcourt,32
Pretoria,38
Córdoba,36
Mbuji-Mayi,4
Aleppo,-141
Kunshan,25
Al Mawşil al Jadīdah,-121
Weifang,28
Zunyi,13
Al Başrah al Qadīmah,-121
La Paz,-1
Lianyungang,17
Medellín,21
Indore,-44
Brazzaville,10
Tashkent,16
Ganzhou,-59
Almaty,-133
Khartoum,48
Sapporo,-26
Accra,-110
Curitiba,36
Ordos,23
Sanaa,5
Conakry,13
Tijuana,22
Beirut,33
Tangerang,14
Jieyang,29
Jilin,32
Bucharest,33
Camayenne,7
Kakamega,30
Nanchong,-62
Tainan,17
Datong,9
Kaduna,30
Omdurman,-10
Davao,-14
Hamburg,17
Thāne,-7
Iztapalapa,-15
Santa Cruz de la Sierra,5
Vadodara,37
Adana,-110
Nanyang,-62
Abu Dhabi,-132
Sharjah,-6
Bhopal,34
Jiangmen,32
Diyarbakır,-7
Benin City,16
Jiangyin,32
Fuyang,31
Montréal,21
Bayan Nur,15
Maracaibo,-5
Chaozhou,6
Minsk,27
Budapest,33
Qingyuan,33
Tai’an,17
Rasapūdipalem,29
Pimpri-Chinchwad,27
Caloocan City,13
Warsaw,5
Soweto,-26
Puebla,38
Vienna,37
Barcelona,39
Patna,38
Mosul,21
Kallakurichi,8
Kampala,30
Xining,29
Changshu,6
Palembang,30
Huainan,20
Rabat,5
Semarang,-3
Recife,-18
Phoenix,6
Ecatepec de Morelos,29
Lu’an,20
Valencia,37
Ludhiana,25
Yancheng,9
Novosibirsk,-53
Erbil,-4
Fukuoka,39
Taizhou,-8
Daqing,9
Manila,26
Wuhu,6
Santiago de Querétaro,-26
Dazhou,-13
Yangzhou,-13
León de los Aldama,25
Makkah,15
Philadelphia,38
Phnom Penh,27
Guilin,-34
Damascus,45
Quetta,38
Zhaoqing,27
Onitsha,-5
Mianyang,18
Isfahan,-20
Wanzhou,6
Harare,-4
Monrovia,26
Putian,33
Kawasaki,8
Shangqiu,-25
Goiânia,-29
Auckland,-121
San Antonio,-26
Kobe,1
Stockholm,23
Ciudad Juárez,10
Cần Thơ,-3
Khulna,30
Belém,57
Yekaterinburg,9
Porto Alegre,9
Yinchuan,12
Manhattan,21
Nashik,-53
Asunción,-115
Yiwu,-13
Zapopan,30
Daejeon,12
Adelaide,-139
Quanzhou,8
Madurai,4
Jinhua,37
Kyoto,-1
Cixi,14
Changde,7
Kuala Lumpur,6
Kaifeng,22
Anshan,-115
Karaj,14
Kathmandu,0
Baoji,17
Suqian,0
Liuzhou,-5
Tirunelveli,0
Kayseri,8
Kharkiv,2
Konya,30
Zhangjiagang,27
Agra,-110
Tabriz,-4
Makassar,2
Jinjiang,29
Faridabad,28
Bozhou,9
Qujing,30
South Tangerang,-3
San Diego,-26
Zhanjiang,27
Fushun,34
Gwangju,-59
Rājkot,5
Luoyang,17
Guadalajara,-29
The Bronx,-10
Huế,-14
Guankou,-59
Milan,21
Najafgarh,-65
N'Djamena,-54
Handan,20
Bannu,9
Yichang,9
Antananarivo,-141
Heze,-4
Antalya,-110
Abobo,-141
Jamshedpur,13
Douala,17
Basrah,28
Dallas,45
Saitama,5
Gorakhpur,-53
Niamey,-77
Liupanshui,3
Taguig,14
Maoming,18
Calgary,13
Tripoli,0
Callao,5
Madinah,15
Yaoundé,-22
Qinzhou,8
Luohe,-4
Xiangyang,29
Yangjiang,9
Yixing,9
Pimpri,16
Da Nang,9
Amman,-115
Budta,39
Belgrade,10
Biên Hòa,39
Montevideo,-5
Xuchang,29
Kalyān,25
Zigong,27
Munich,15
Nizhniy Novgorod,-65
Jepara,37
Maputo,-5
Xuzhou,7
Dammam,35
Ra’s Bayrūt,5
Neijiang,-62
Shiraz,-21
Heshan,20
Dombivali,-5
Kananga,30
Kazan,25
Jining,29
Barquisimeto,8
Shubrā al Khaymah,-6
Port-au-Prince,9
Xinyang,29
Liaocheng,17
Jinzhong,29
Meerut,20
Virār,13
Nowrangapur,-78
Karbala,30
Changzhi,14
Tianshui,0
Mombasa,26
Mandalay,3
Srinagar,-19
Barranquilla,39
Chelyabinsk,37
Mérida,26
Hiroshima,25
Santiago de los Caballeros,33
Shymkent,-1
Weinan,31
Ghāziābād,-40
Matola,26
Dhanbad,6
Hong Kong Island,14
Fes,67
Suwon,0
Gustavo Adolfo Madero,-60
Nouakchott,-60
Kisangani,8
Jiaxing,29
Aurangabad,-121
Omsk,-4
Guarulhos,-1
Bandar Lampung,31
Prague,9
Varanasi,15
Batam,57
Jiujiang,29
Samara,5
Aba,-110
Amritsar,-134
Birmingham,57
Copenhagen,31
Sofia,5
Anyang,-118
Luohu District,19
Vijayawada,37
Yerevan,12
Bijie,10
Monterrey,3
Kigali,8
Rostov-na-Donu,-19
Zhuzhou,5
Bogor,15
Malingao,-5
Touba,22
Ufa,-9
Ranchi,-11
Baku,9
Shangrao,-26
Lilongwe,-4
Huaibei,3
Maiduguri,4
Meishan,21
Mwanza,26
Sendai,-17
Ulsan,-14
Krasnoyarsk,31
Guigang,-37
Pekanbaru,8
Oslo,-36
Jabalpur,13
Ilorin,-20
Aden,-115
Ciudad Nezahualcoyotl,31
Hengyang,17
Prayagraj,22
Visakhapatnam,55
Goyang-si,-51
Yulin,12
Jodhpur,13
Gwalior,-53
Jingzhou,7
